,Unnamed: 0,Date,Open,High,Low,Close,Adj Close,Volume,Stock_Name
0,0,2019-10-02,55.764999,55.895,54.482498,54.740002,53.46703,138449200,AAPL
1,1,2019-10-03,54.607498,55.240002,53.782501,55.205002,53.921211,114426000,AAPL
2,2,2019-10-04,56.41,56.872501,55.9725,56.752499,55.432728,138478800,AAPL
3,3,2019-10-07,56.567501,57.482498,56.459999,56.764999,55.444935,122306000,AAPL
4,4,2019-10-08,56.455002,57.014999,56.0825,56.099998,54.795395,111820000,AAPL
5,5,2019-10-09,56.7575,56.947498,56.41,56.7575,55.437603,74770400,AAPL
6,6,2019-10-10,56.982498,57.610001,56.825001,57.522499,56.184811,113013600,AAPL
7,7,2019-10-11,58.237499,59.41,58.077499,59.052502,57.679241,166795600,AAPL
8,8,2019-10-14,58.724998,59.532501,58.6675,58.967499,57.596218,96427600,AAPL
9,9,2019-10-15,59.0975,59.412498,58.720001,58.830002,57.461918,87360000,AAPL
10,10,2019-10-16,58.342499,58.810001,58.299999,58.592499,57.229935,73903200,AAPL
11,11,2019-10-17,58.772499,59.037498,58.380001,58.82,57.452137,67585200,AAPL
12,12,2019-10-18,58.647499,59.395,58.572498,59.102501,57.728081,97433600,AAPL
13,13,2019-10-21,59.380001,60.247501,59.330002,60.127499,58.729233,87247200,AAPL
14,14,2019-10-22,60.290001,60.549999,59.904999,59.990002,58.59494,82293600,AAPL
15,15,2019-10-23,60.525002,60.810001,60.305,60.794998,59.381218,75828800,AAPL
16,16,2019-10-24,61.127499,61.200001,60.452499,60.895,59.478893,69275200,AAPL
17,17,2019-10-25,60.790001,61.682499,60.720001,61.645,60.211452,73477200,AAPL
18,18,2019-10-28,61.855,62.3125,61.68,62.262501,60.814587,96572800,AAPL
19,19,2019-10-29,62.2425,62.4375,60.642502,60.822498,59.408077,142839600,AAPL
20,20,2019-10-30,61.189999,61.325001,60.302502,60.814999,59.400753,124522000,AAPL
21,21,2019-10-31,61.810001,62.2925,59.314999,62.189999,60.743774,139162000,AAPL
22,22,2019-11-01,62.384998,63.982498,62.290001,63.955002,62.467731,151125200,AAPL
23,23,2019-11-04,64.332497,64.462502,63.845001,64.375,62.877964,103272000,AAPL
24,24,2019-11-05,64.262497,64.547501,64.080002,64.282501,62.787613,79897600,AAPL
25,25,2019-11-06,64.192497,64.372498,63.842499,64.309998,62.814468,75864400,AAPL
26,26,2019-11-07,64.684998,65.087502,64.527496,64.857498,63.539425,94940400,AAPL
27,27,2019-11-08,64.672501,65.110001,64.212502,65.035004,63.713341,69986400,AAPL
28,28,2019-11-11,64.574997,65.6175,64.57,65.550003,64.217865,81821200,AAPL
29,29,2019-11-12,65.387497,65.697502,65.230003,65.489998,64.159073,87388800,AAPL
30,30,2019-11-13,65.282501,66.195,65.267502,66.1175,64.773834,102734400,AAPL
31,31,2019-11-14,65.9375,66.220001,65.525002,65.660004,64.325638,89182800,AAPL
32,32,2019-11-15,65.919998,66.445,65.752502,66.440002,65.08979,100206400,AAPL
33,33,2019-11-18,66.449997,66.857498,66.057503,66.775002,65.417969,86703200,AAPL
34,34,2019-11-19,66.974998,67.0,66.347504,66.572502,65.219582,76167200,AAPL
35,35,2019-11-20,66.385002,66.519997,65.099998,65.797501,64.460327,106234400,AAPL
36,36,2019-11-21,65.922501,66.002502,65.294998,65.502502,64.171341,121395200,AAPL
37,37,2019-11-22,65.647499,65.794998,65.209999,65.445,64.115005,65325200,AAPL
38,38,2019-11-25,65.677498,66.610001,65.629997,66.592499,65.239174,84020400,AAPL
39,39,2019-11-26,66.735001,66.790001,65.625,66.072502,64.729752,105207600,AAPL
40,40,2019-11-27,66.394997,66.995003,66.327499,66.959999,65.599205,65235600,AAPL
41,41,2019-11-29,66.650002,67.0,66.474998,66.8125,65.454697,46617600,AAPL
42,42,2019-12-02,66.817497,67.0625,65.862503,66.040001,64.697906,94487200,AAPL
43,43,2019-12-03,64.577499,64.8825,64.072502,64.862503,63.544331,114430400,AAPL
44,44,2019-12-04,65.267502,65.827499,65.169998,65.434998,64.105194,67181600,AAPL
45,45,2019-12-05,65.947502,66.472504,65.682503,66.394997,65.045685,74424400,AAPL
46,46,2019-12-06,66.870003,67.75,66.824997,67.677498,66.302132,106075600,AAPL
47,47,2019-12-09,67.5,67.699997,66.227501,66.730003,65.373878,128042400,AAPL
48,48,2019-12-10,67.150002,67.517502,66.464996,67.120003,65.755966,90420400,AAPL
49,49,2019-12-11,67.202499,67.775002,67.125,67.692497,66.316811,78756800,AAPL
50,50,2019-12-12,66.945,68.139999,66.830002,67.864998,66.485809,137310400,AAPL
51,51,2019-12-13,67.864998,68.824997,67.732498,68.787498,67.389565,133587600,AAPL
52,52,2019-12-16,69.25,70.197502,69.245003,69.964996,68.543129,128186000,AAPL
53,53,2019-12-17,69.892502,70.442497,69.699997,70.102501,68.677841,114158400,AAPL
54,54,2019-12-18,69.949997,70.474998,69.779999,69.934998,68.513741,116028400,AAPL
55,55,2019-12-19,69.875,70.294998,69.737503,70.004997,68.582329,98369200,AAPL
56,56,2019-12-20,70.557503,70.662498,69.639999,69.860001,68.440269,275978000,AAPL
57,57,2019-12-23,70.1325,71.0625,70.092499,71.0,69.557091,98572000,AAPL
58,58,2019-12-24,71.172501,71.222504,70.730003,71.067497,69.623238,48478800,AAPL
59,59,2019-12-26,71.205002,72.495003,71.175003,72.477501,71.004578,93121200,AAPL
60,60,2019-12-27,72.779999,73.4925,72.029999,72.449997,70.977631,146266000,AAPL
61,61,2019-12-30,72.364998,73.172501,71.305,72.879997,71.398903,144114400,AAPL
62,62,2019-12-31,72.482498,73.419998,72.379997,73.412498,71.920563,100805600,AAPL
63,63,2020-01-02,74.059998,75.150002,73.797501,75.087502,73.561531,135480400,AAPL
64,64,2020-01-03,74.287498,75.144997,74.125,74.357498,72.846367,146322800,AAPL
65,65,2020-01-06,73.447502,74.989998,73.1875,74.949997,73.426819,118387200,AAPL
66,66,2020-01-07,74.959999,75.224998,74.370003,74.597504,73.081497,108872000,AAPL
67,67,2020-01-08,74.290001,76.110001,74.290001,75.797501,74.257095,132079200,AAPL
68,68,2020-01-09,76.809998,77.607498,76.550003,77.407501,75.834373,170108400,AAPL
69,69,2020-01-10,77.650002,78.167503,77.0625,77.582497,76.005829,140644800,AAPL
70,70,2020-01-13,77.910004,79.267502,77.787498,79.239998,77.629646,121532000,AAPL
71,71,2020-01-14,79.175003,79.392502,78.042503,78.169998,76.581383,161954400,AAPL
72,72,2020-01-15,77.962502,78.875,77.387497,77.834999,76.253204,121923600,AAPL
73,73,2020-01-16,78.397499,78.925003,78.022499,78.809998,77.208382,108829200,AAPL
74,74,2020-01-17,79.067497,79.684998,78.75,79.682503,78.063156,137816400,AAPL
75,75,2020-01-21,79.297501,79.754997,79.0,79.142502,77.534134,110843200,AAPL
76,76,2020-01-22,79.644997,79.997498,79.327499,79.425003,77.810898,101832400,AAPL
77,77,2020-01-23,79.480003,79.889999,78.912498,79.807503,78.185623,104472000,AAPL
78,78,2020-01-24,80.0625,80.832497,79.379997,79.577499,77.960289,146537600,AAPL
79,79,2020-01-27,77.514999,77.942497,76.220001,77.237503,75.667847,161940000,AAPL
80,80,2020-01-28,78.150002,79.599998,78.047501,79.422501,77.808434,162234000,AAPL
81,81,2020-01-29,81.112503,81.962502,80.345001,81.084999,79.437149,216229200,AAPL
82,82,2020-01-30,80.135002,81.022499,79.6875,80.967499,79.322044,126743200,AAPL
83,83,2020-01-31,80.232498,80.669998,77.072502,77.377502,75.805008,199588400,AAPL
84,84,2020-02-03,76.074997,78.372498,75.555,77.165001,75.596817,173788400,AAPL
85,85,2020-02-04,78.827499,79.910004,78.407501,79.712502,78.092537,136616400,AAPL
86,86,2020-02-05,80.879997,81.190002,79.737503,80.362503,78.729347,118826800,AAPL
87,87,2020-02-06,80.642502,81.305,80.065002,81.302498,79.650223,105425600,AAPL
88,88,2020-02-07,80.592499,80.849998,79.5,80.0075,78.567581,117684000,AAPL
89,89,2020-02-10,78.544998,80.387497,78.462502,80.387497,78.940727,109348800,AAPL
90,90,2020-02-11,80.900002,80.974998,79.677498,79.902496,78.464447,94323200,AAPL
91,91,2020-02-12,80.3675,81.805,80.3675,81.800003,80.327812,113730400,AAPL
92,92,2020-02-13,81.047501,81.555,80.837502,81.217499,79.755791,94747600,AAPL
93,93,2020-02-14,81.184998,81.495003,80.712502,81.237503,79.775429,80113600,AAPL
94,94,2020-02-18,78.839996,79.9375,78.652496,79.75,78.314697,152531200,AAPL
95,95,2020-02-19,80.0,81.142502,80.0,80.904999,79.448914,93984000,AAPL
96,96,2020-02-20,80.657501,81.162498,79.552498,80.074997,78.633858,100566000,AAPL
97,97,2020-02-21,79.654999,80.112503,77.625,78.262497,76.853973,129554000,AAPL
98,98,2020-02-24,74.315002,76.044998,72.307503,74.544998,73.203384,222195200,AAPL
99,99,2020-02-25,75.237503,75.6325,71.532501,72.019997,70.723816,230673600,AAPL
100,100,2020-02-26,71.6325,74.470001,71.625,73.162498,71.845779,198054800,AAPL
101,101,2020-02-27,70.275002,71.5,68.239998,68.379997,67.14933,320605600,AAPL
102,102,2020-02-28,64.315002,69.602501,64.092499,68.339996,67.110046,426510000,AAPL
103,103,2020-03-02,70.57,75.360001,69.43,74.702499,73.358055,341397200,AAPL
104,104,2020-03-03,75.917503,76.0,71.449997,72.330002,71.028244,319475600,AAPL
105,105,2020-03-04,74.110001,75.849998,73.282501,75.684998,74.322853,219178400,AAPL
106,106,2020-03-05,73.879997,74.887497,72.852501,73.230003,71.912064,187572800,AAPL
107,107,2020-03-06,70.5,72.705002,70.307503,72.2575,70.957047,226176800,AAPL
108,108,2020-03-09,65.9375,69.522499,65.75,66.542503,65.34491,286744800,AAPL
109,109,2020-03-10,69.285004,71.610001,67.342499,71.334999,70.051155,285290000,AAPL
110,110,2020-03-11,69.347504,70.305,67.964996,68.857498,67.618248,255598800,AAPL
111,111,2020-03-12,63.985001,67.5,62.0,62.057499,60.940624,418474000,AAPL
112,112,2020-03-13,66.222504,69.980003,63.237499,69.4925,68.241814,370732000,AAPL
113,113,2020-03-16,60.487499,64.769997,60.0,60.552502,59.462708,322423600,AAPL
114,114,2020-03-17,61.877499,64.402496,59.599998,63.215,62.07729,324056000,AAPL
115,115,2020-03-18,59.942501,62.5,59.279999,61.6675,60.55764,300233600,AAPL
116,116,2020-03-19,61.8475,63.209999,60.6525,61.195,60.093651,271857200,AAPL
117,117,2020-03-20,61.794998,62.9575,57.0,57.310001,56.278572,401693200,AAPL
118,118,2020-03-23,57.02,57.125,53.1525,56.092499,55.082981,336752800,AAPL
119,119,2020-03-24,59.09,61.922501,58.575001,61.720001,60.609196,287531200,AAPL
120,120,2020-03-25,62.6875,64.5625,61.075001,61.380001,60.275318,303602000,AAPL
121,121,2020-03-26,61.630001,64.669998,61.59,64.610001,63.447193,252087200,AAPL
122,122,2020-03-27,63.1875,63.967499,61.762501,61.935001,60.820339,204216800,AAPL
123,123,2020-03-30,62.685001,63.880001,62.349998,63.702499,62.556026,167976400,AAPL
124,124,2020-03-31,63.900002,65.622498,63.0,63.572498,62.42836,197002000,AAPL
125,125,2020-04-01,61.625,62.18,59.782501,60.227501,59.143559,176218400,AAPL
126,126,2020-04-02,60.084999,61.287498,59.224998,61.232498,60.130466,165934000,AAPL
127,127,2020-04-03,60.700001,61.424999,59.7425,60.352501,59.266312,129880000,AAPL
128,128,2020-04-06,62.724998,65.777496,62.345001,65.6175,64.436546,201820400,AAPL
129,129,2020-04-07,67.699997,67.925003,64.75,64.857498,63.690224,202887200,AAPL
130,130,2020-04-08,65.684998,66.842499,65.307503,66.517502,65.320358,168895200,AAPL
131,131,2020-04-09,67.175003,67.517502,66.175003,66.997498,65.791733,161834800,AAPL
132,132,2020-04-13,67.077499,68.425003,66.457497,68.3125,67.083038,131022800,AAPL
133,133,2020-04-14,70.0,72.0625,69.512497,71.762497,70.470947,194994800,AAPL
134,134,2020-04-15,70.599998,71.582497,70.157501,71.107498,69.827751,131154400,AAPL
135,135,2020-04-16,71.845001,72.050003,70.587502,71.672501,70.382591,157125200,AAPL
136,136,2020-04-17,71.172501,71.737503,69.214996,70.699997,69.427589,215250000,AAPL
137,137,2020-04-20,69.487503,70.419998,69.212502,69.232498,67.986496,130015200,AAPL
138,138,2020-04-21,69.07,69.3125,66.357498,67.092499,65.88501,180991600,AAPL
139,139,2020-04-22,68.402496,69.474998,68.050003,69.025002,67.78273,116862400,AAPL
140,140,2020-04-23,68.967499,70.4375,68.717499,68.7575,67.52005,124814400,AAPL
141,141,2020-04-24,69.300003,70.752502,69.25,70.7425,69.469315,126161200,AAPL
142,142,2020-04-27,70.449997,71.135002,69.987503,70.792503,69.518433,117087600,AAPL
143,143,2020-04-28,71.269997,71.457497,69.550003,69.644997,68.391579,112004800,AAPL
144,144,2020-04-29,71.182503,72.417503,70.972504,71.932503,70.637901,137280800,AAPL
145,145,2020-04-30,72.489998,73.6325,72.087502,73.449997,72.128075,183064000,AAPL
146,146,2020-05-01,71.5625,74.75,71.462502,72.267502,70.966881,240616800,AAPL
147,147,2020-05-04,72.292503,73.422501,71.580002,73.290001,71.97097,133568000,AAPL
148,148,2020-05-05,73.764999,75.25,73.614998,74.389999,73.051178,147751200,AAPL
149,149,2020-05-06,75.114998,75.809998,74.717499,75.157501,73.804863,142333600,AAPL
150,150,2020-05-07,75.805,76.292503,75.4925,75.934998,74.568382,115215200,AAPL
151,151,2020-05-08,76.410004,77.587502,76.072502,77.532501,76.343216,133838400,AAPL
152,152,2020-05-11,77.025002,79.262497,76.809998,78.752502,77.544495,145946400,AAPL
153,153,2020-05-12,79.457497,79.922501,77.727501,77.852501,76.658302,162301200,AAPL
154,154,2020-05-13,78.037498,78.987503,75.802498,76.912498,75.732727,200622400,AAPL
155,155,2020-05-14,76.127502,77.447502,75.3825,77.385002,76.197975,158929200,AAPL
156,156,2020-05-15,75.087502,76.974998,75.052498,76.927498,75.747505,166348400,AAPL
157,157,2020-05-18,78.292503,79.125,77.580002,78.739998,77.532196,135178400,AAPL
158,158,2020-05-19,78.7575,79.629997,78.252502,78.285004,77.084183,101729600,AAPL
159,159,2020-05-20,79.169998,79.879997,79.129997,79.807503,78.583321,111504800,AAPL
160,160,2020-05-21,79.665001,80.222504,78.967499,79.212502,77.997444,102688800,AAPL
161,161,2020-05-22,78.942497,79.807503,78.837502,79.722504,78.499634,81803200,AAPL
162,162,2020-05-26,80.875,81.059998,79.125,79.182503,77.967896,125522000,AAPL
163,163,2020-05-27,79.035004,79.677498,78.272499,79.527496,78.30761,112945200,AAPL
164,164,2020-05-28,79.192497,80.860001,78.907501,79.5625,78.342072,133560800,AAPL
165,165,2020-05-29,79.8125,80.287498,79.1175,79.485001,78.265755,153532400,AAPL
166,166,2020-06-01,79.4375,80.587502,79.302498,80.462502,79.228264,80791200,AAPL
167,167,2020-06-02,80.1875,80.860001,79.732498,80.834999,79.595055,87642800,AAPL
168,168,2020-06-03,81.165001,81.550003,80.574997,81.279999,80.033226,104491200,AAPL
169,169,2020-06-04,81.097504,81.404999,80.195,80.580002,79.343964,87560400,AAPL
170,170,2020-06-05,80.837502,82.9375,80.807503,82.875,81.60376,137250400,AAPL
171,171,2020-06-08,82.5625,83.400002,81.830002,83.364998,82.086243,95654400,AAPL
172,172,2020-06-09,83.035004,86.402496,83.002502,85.997498,84.678368,147712400,AAPL
173,173,2020-06-10,86.974998,88.692497,86.522499,88.209999,86.856941,166651600,AAPL
174,174,2020-06-11,87.327499,87.764999,83.870003,83.974998,82.686897,201662400,AAPL
175,175,2020-06-12,86.18,86.949997,83.555,84.699997,83.400764,200146000,AAPL
176,176,2020-06-15,83.3125,86.419998,83.144997,85.747498,84.432198,138808800,AAPL
177,177,2020-06-16,87.864998,88.300003,86.18,88.019997,86.669846,165428800,AAPL
178,178,2020-06-17,88.787498,88.849998,87.772499,87.897499,86.549225,114406400,AAPL
179,179,2020-06-18,87.852501,88.362503,87.305,87.932503,86.583702,96820400,AAPL
180,180,2020-06-19,88.660004,89.139999,86.287498,87.43,86.08889,264476000,AAPL
181,181,2020-06-22,87.834999,89.864998,87.787498,89.717499,88.341309,135445200,AAPL
182,182,2020-06-23,91.0,93.095001,90.567497,91.6325,90.226944,212155600,AAPL
183,183,2020-06-24,91.25,92.197502,89.629997,90.014999,88.634247,192623200,AAPL
184,184,2020-06-25,90.175003,91.25,89.392502,91.209999,89.810905,137522400,AAPL
185,185,2020-06-26,91.102501,91.330002,88.254997,88.407501,87.051407,205256800,AAPL
186,186,2020-06-29,88.3125,90.542503,87.82,90.445,89.057648,130646000,AAPL
187,187,2020-06-30,90.019997,91.495003,90.0,91.199997,89.801064,140223200,AAPL
188,188,2020-07-01,91.279999,91.839996,90.977501,91.027496,89.631195,110737200,AAPL
189,189,2020-07-02,91.962502,92.6175,90.910004,91.027496,89.631195,114041600,AAPL
190,190,2020-07-06,92.5,93.945,92.467499,93.462502,92.028862,118655600,AAPL
191,191,2020-07-07,93.852501,94.654999,93.057503,93.172501,91.743301,112424400,AAPL
192,192,2020-07-08,94.18,95.375,94.089996,95.342499,93.880028,117092000,AAPL
193,193,2020-07-09,96.262497,96.317497,94.672501,95.752502,94.283737,125642800,AAPL
194,194,2020-07-10,95.334999,95.980003,94.705002,95.919998,94.448662,90257200,AAPL
195,195,2020-07-13,97.264999,99.955002,95.2575,95.477501,94.012962,191649200,AAPL
196,196,2020-07-14,94.839996,97.254997,93.877502,97.057503,95.56871,170989200,AAPL
197,197,2020-07-15,98.989998,99.247498,96.489998,97.724998,96.22599,153198000,AAPL
198,198,2020-07-16,96.5625,97.404999,95.904999,96.522499,95.041924,110577600,AAPL
199,199,2020-07-17,96.987503,97.147499,95.839996,96.327499,94.849922,92186800,AAPL
200,200,2020-07-20,96.417503,98.5,96.0625,98.357498,96.84877,90318000,AAPL
201,201,2020-07-21,99.172501,99.25,96.7425,97.0,95.512115,103433200,AAPL
202,202,2020-07-22,96.692497,97.974998,96.602501,97.272499,95.780426,89001600,AAPL
203,203,2020-07-23,96.997498,97.077499,92.010002,92.845001,91.420822,197004400,AAPL
204,204,2020-07-24,90.987503,92.970001,89.144997,92.614998,91.194359,185438800,AAPL
205,205,2020-07-27,93.709999,94.904999,93.480003,94.809998,93.35569,121214000,AAPL
206,206,2020-07-28,94.3675,94.550003,93.247498,93.252502,91.82209,103625600,AAPL
207,207,2020-07-29,93.75,95.230003,93.712502,95.040001,93.582169,90329200,AAPL
208,208,2020-07-30,94.1875,96.297501,93.767502,96.190002,94.714523,158130000,AAPL
209,209,2020-07-31,102.885002,106.415001,100.824997,106.260002,104.630058,374336800,AAPL
210,210,2020-08-03,108.199997,111.637497,107.892502,108.9375,107.266487,308151200,AAPL
211,211,2020-08-04,109.1325,110.790001,108.387497,109.665001,107.982834,173071600,AAPL
212,212,2020-08-05,109.377502,110.392502,108.897499,110.0625,108.374229,121776800,AAPL
213,213,2020-08-06,110.404999,114.412498,109.797501,113.902496,112.155327,202428800,AAPL
214,214,2020-08-07,113.205002,113.675003,110.292503,111.112503,109.605392,198045600,AAPL
215,215,2020-08-10,112.599998,113.775002,110.0,112.727501,111.198494,212403600,AAPL
216,216,2020-08-11,111.970001,112.482498,109.107498,109.375,107.891449,187902400,AAPL
217,217,2020-08-12,110.497498,113.275002,110.297501,113.010002,111.477158,165598000,AAPL
218,218,2020-08-13,114.43,116.042503,113.927498,115.010002,113.450027,210082000,AAPL
219,219,2020-08-14,114.830002,115.0,113.044998,114.907501,113.348915,165565200,AAPL
220,220,2020-08-17,116.0625,116.087502,113.962502,114.607498,113.052994,119561600,AAPL
221,221,2020-08-18,114.352501,116.0,114.0075,115.5625,113.995033,105633600,AAPL
222,222,2020-08-19,115.982498,117.162498,115.610001,115.707497,114.138062,145538000,AAPL
223,223,2020-08-20,115.75,118.392502,115.732498,118.275002,116.670746,126907200,AAPL
224,224,2020-08-21,119.262497,124.8675,119.25,124.370003,122.683075,338054800,AAPL
225,225,2020-08-24,128.697495,128.785004,123.9375,125.857498,124.150383,345937600,AAPL
226,226,2020-08-25,124.697502,125.18,123.052498,124.824997,123.131897,211495600,AAPL
227,227,2020-08-26,126.18,126.9925,125.082497,126.522499,124.806366,163022400,AAPL
228,228,2020-08-27,127.142502,127.485001,123.832497,125.010002,123.314392,155552400,AAPL
229,229,2020-08-28,126.012497,126.442497,124.577499,124.807503,123.114639,187630000,AAPL
230,230,2020-08-31,127.580002,131.0,126.0,129.039993,127.289726,225702700,AAPL
231,231,2020-09-01,132.759995,134.800003,130.529999,134.179993,132.360001,151948100,AAPL
232,232,2020-09-02,137.589996,137.979996,127.0,131.399994,129.617706,200119000,AAPL
233,233,2020-09-03,126.910004,128.839996,120.5,120.879997,119.240402,257599600,AAPL
234,234,2020-09-04,120.07,123.699997,110.889999,120.959999,119.319313,332607200,AAPL
235,235,2020-09-08,113.949997,118.989998,112.68,112.82,111.289726,231366600,AAPL
236,236,2020-09-09,117.260002,119.139999,115.260002,117.32,115.728699,176940500,AAPL
237,237,2020-09-10,120.360001,120.5,112.5,113.489998,111.950645,182274400,AAPL
238,238,2020-09-11,114.57,115.230003,110.0,112.0,110.48085,180860300,AAPL
239,239,2020-09-14,114.720001,115.93,112.800003,115.360001,113.79528,140150100,AAPL
240,240,2020-09-15,118.330002,118.830002,113.610001,115.540001,113.972847,184642000,AAPL
241,241,2020-09-16,115.230003,116.0,112.040001,112.129997,110.609085,154679000,AAPL
242,242,2020-09-17,109.720001,112.199997,108.709999,110.339996,108.843369,178011000,AAPL
243,243,2020-09-18,110.400002,110.879997,106.089996,106.839996,105.390839,287104900,AAPL
244,244,2020-09-21,104.540001,110.190002,103.099998,110.080002,108.586899,195713800,AAPL
245,245,2020-09-22,112.68,112.860001,109.160004,111.809998,110.293434,183055400,AAPL
246,246,2020-09-23,111.620003,112.110001,106.769997,107.120003,105.667061,150718700,AAPL
247,247,2020-09-24,105.169998,110.25,105.0,108.220001,106.752129,167743300,AAPL
248,248,2020-09-25,108.43,112.440002,107.669998,112.279999,110.75705,149981400,AAPL
249,249,2020-09-28,115.010002,115.32,112.779999,114.959999,113.400703,137672400,AAPL
250,250,2020-09-29,114.550003,115.309998,113.57,114.089996,112.542511,99382200,AAPL
251,251,2020-09-30,113.790001,117.260002,113.620003,115.809998,114.239182,142675200,AAPL
252,252,2020-10-01,117.639999,117.720001,115.830002,116.790001,115.205887,116120400,AAPL
253,253,2020-10-02,112.889999,115.370003,112.220001,113.019997,111.487007,144712000,AAPL
254,254,2020-10-05,113.910004,116.650002,113.550003,116.5,114.919815,106243800,AAPL
255,255,2020-10-06,115.699997,116.120003,112.25,113.160004,111.625114,161498200,AAPL
256,256,2020-10-07,114.620003,115.550003,114.129997,115.080002,113.519081,96849000,AAPL
257,257,2020-10-08,116.25,116.400002,114.589996,114.970001,113.410576,83477200,AAPL
258,258,2020-10-09,115.279999,117.0,114.919998,116.970001,115.383446,100506900,AAPL
259,259,2020-10-12,120.059998,125.18,119.279999,124.400002,122.712662,240226800,AAPL
260,260,2020-10-13,125.269997,125.389999,119.650002,121.099998,119.457413,262330500,AAPL
261,261,2020-10-14,121.0,123.029999,119.620003,121.190002,119.546204,150712000,AAPL
262,262,2020-10-15,118.720001,121.199997,118.150002,120.709999,119.072708,112559200,AAPL
263,263,2020-10-16,121.279999,121.550003,118.809998,119.019997,117.405632,115393800,AAPL
264,264,2020-10-19,119.959999,120.419998,115.660004,115.980003,114.406868,120639300,AAPL
265,265,2020-10-20,116.199997,118.980003,115.629997,117.510002,115.916115,124423700,AAPL
266,266,2020-10-21,116.669998,118.709999,116.449997,116.870003,115.284805,89946000,AAPL
267,267,2020-10-22,117.449997,118.040001,114.589996,115.75,114.179993,101988000,AAPL
268,268,2020-10-23,116.389999,116.550003,114.279999,115.040001,113.479614,82572600,AAPL
269,269,2020-10-26,114.010002,116.550003,112.879997,115.050003,113.489471,111850700,AAPL
270,270,2020-10-27,115.489998,117.279999,114.540001,116.599998,115.018456,92276800,AAPL
271,271,2020-10-28,115.050003,115.43,111.099998,111.199997,109.691696,143937800,AAPL
272,272,2020-10-29,112.370003,116.93,112.199997,115.32,113.755829,146129200,AAPL
273,273,2020-10-30,111.059998,111.989998,107.720001,108.860001,107.383446,190272600,AAPL
274,274,2020-11-02,109.110001,110.68,107.32,108.769997,107.29467,122866900,AAPL
275,275,2020-11-03,109.660004,111.489998,108.730003,110.440002,108.942024,107624400,AAPL
276,276,2020-11-04,114.139999,115.589996,112.349998,114.949997,113.390839,138235500,AAPL
277,277,2020-11-05,117.949997,119.620003,116.870003,119.029999,117.415489,126387100,AAPL
278,278,2020-11-06,118.32,119.199997,116.129997,118.690002,117.282112,114457900,AAPL
279,279,2020-11-09,120.5,121.989998,116.050003,116.32,114.940208,154515300,AAPL
280,280,2020-11-10,115.550003,117.589996,114.129997,115.970001,114.594368,138023400,AAPL
281,281,2020-11-11,117.190002,119.629997,116.440002,119.489998,118.072609,112295000,AAPL
282,282,2020-11-12,119.620003,120.529999,118.57,119.209999,117.795937,103162300,AAPL
283,283,2020-11-13,119.440002,119.669998,117.870003,119.260002,117.845337,81581900,AAPL
284,284,2020-11-16,118.919998,120.989998,118.150002,120.300003,118.873001,91183000,AAPL
285,285,2020-11-17,119.550003,120.669998,118.959999,119.389999,117.973801,74271000,AAPL
286,286,2020-11-18,118.610001,119.82,118.0,118.029999,116.629936,76322100,AAPL
287,287,2020-11-19,117.589996,119.059998,116.809998,118.639999,117.232697,74113000,AAPL
288,288,2020-11-20,118.639999,118.769997,117.290001,117.339996,115.948105,73604300,AAPL
289,289,2020-11-23,117.18,117.620003,113.75,113.849998,112.499519,127959300,AAPL
290,290,2020-11-24,113.910004,115.849998,112.589996,115.169998,113.803856,113874200,AAPL
291,291,2020-11-25,115.550003,116.75,115.169998,116.029999,114.653664,76499200,AAPL
292,292,2020-11-27,116.57,117.489998,116.220001,116.589996,115.207016,46691300,AAPL
293,293,2020-11-30,116.970001,120.970001,116.809998,119.050003,117.63784,169410200,AAPL
294,294,2020-12-01,121.010002,123.470001,120.010002,122.720001,121.264297,127728200,AAPL
295,295,2020-12-02,122.019997,123.370003,120.889999,123.080002,121.620033,89004200,AAPL
296,296,2020-12-03,123.519997,123.779999,122.209999,122.940002,121.481697,78967600,AAPL
297,297,2020-12-04,122.599998,122.860001,121.519997,122.25,120.799866,78260400,AAPL
298,298,2020-12-07,122.309998,124.57,122.25,123.75,122.282082,86712000,AAPL
299,299,2020-12-08,124.370003,124.980003,123.089996,124.379997,122.904602,82225500,AAPL
300,300,2020-12-09,124.529999,125.949997,121.0,121.779999,120.335449,115089200,AAPL
301,301,2020-12-10,120.5,123.870003,120.150002,123.239998,121.778137,81312200,AAPL
302,302,2020-12-11,122.43,122.760002,120.550003,122.410004,120.957977,86939800,AAPL
303,303,2020-12-14,122.599998,123.349998,121.540001,121.779999,120.335449,79184500,AAPL
304,304,2020-12-15,124.339996,127.900002,124.129997,127.879997,126.363098,157243700,AAPL
305,305,2020-12-16,127.410004,128.369995,126.559998,127.809998,126.293922,98208600,AAPL
306,306,2020-12-17,128.899994,129.580002,128.039993,128.699997,127.17337,94359800,AAPL
307,307,2020-12-18,128.960007,129.100006,126.120003,126.660004,125.15757,192541500,AAPL
308,308,2020-12-21,125.019997,128.309998,123.449997,128.229996,126.708939,121251600,AAPL
309,309,2020-12-22,131.610001,134.410004,129.649994,131.880005,130.315628,168904800,AAPL
310,310,2020-12-23,132.160004,132.429993,130.779999,130.960007,129.40657,88223700,AAPL
311,311,2020-12-24,131.320007,133.460007,131.100006,131.970001,130.404572,54930100,AAPL
312,312,2020-12-28,133.990005,137.339996,133.509995,136.690002,135.068619,124486200,AAPL
313,313,2020-12-29,138.050003,138.789993,134.339996,134.869995,133.270157,121047300,AAPL
314,314,2020-12-30,135.580002,135.990005,133.399994,133.720001,132.133835,96452100,AAPL
315,315,2020-12-31,134.080002,134.740005,131.720001,132.690002,131.116043,99116600,AAPL
316,316,2021-01-04,133.520004,133.610001,126.760002,129.410004,127.874954,143301900,AAPL
317,317,2021-01-05,128.889999,131.740005,128.429993,131.009995,129.455948,97664900,AAPL
318,318,2021-01-06,127.720001,131.050003,126.379997,126.599998,125.098282,155088000,AAPL
319,319,2021-01-07,128.360001,131.630005,127.860001,130.919998,129.36702,109578200,AAPL
320,320,2021-01-08,132.429993,132.630005,130.229996,132.050003,130.483627,105158200,AAPL
321,321,2021-01-11,129.190002,130.169998,128.5,128.979996,127.450043,100384500,AAPL
322,322,2021-01-12,128.5,129.690002,126.860001,128.800003,127.272171,91951100,AAPL
323,323,2021-01-13,128.759995,131.449997,128.490005,130.889999,129.337387,88636800,AAPL
324,324,2021-01-14,130.800003,131.0,128.759995,128.910004,127.380882,90221800,AAPL
325,325,2021-01-15,128.779999,130.220001,127.0,127.139999,125.631882,111598500,AAPL
326,326,2021-01-19,127.779999,128.710007,126.940002,127.830002,126.31369,90757300,AAPL
327,327,2021-01-20,128.660004,132.490005,128.550003,132.029999,130.463882,104319500,AAPL
328,328,2021-01-21,133.800003,139.669998,133.589996,136.869995,135.246475,120150900,AAPL
329,329,2021-01-22,136.279999,139.850006,135.020004,139.070007,137.420349,114459400,AAPL
330,330,2021-01-25,143.070007,145.089996,136.539993,142.919998,141.224686,157611700,AAPL
331,331,2021-01-26,143.600006,144.300003,141.369995,143.160004,141.461838,98390600,AAPL
332,332,2021-01-27,143.429993,144.300003,140.410004,142.059998,140.374878,140843800,AAPL
333,333,2021-01-28,139.520004,141.990005,136.699997,137.089996,135.463837,142621100,AAPL
334,334,2021-01-29,135.830002,136.740005,130.210007,131.960007,130.394699,177523800,AAPL
335,335,2021-02-01,133.75,135.380005,130.929993,134.139999,132.548859,106239800,AAPL
336,336,2021-02-02,135.729996,136.309998,134.610001,134.990005,133.388779,83305400,AAPL
337,337,2021-02-03,135.759995,135.770004,133.610001,133.940002,132.351212,89880900,AAPL
338,338,2021-02-04,136.300003,137.399994,134.589996,137.389999,135.760284,84183100,AAPL
339,339,2021-02-05,137.350006,137.419998,135.860001,136.759995,135.339706,75693800,AAPL
340,340,2021-02-08,136.029999,136.960007,134.919998,136.910004,135.488144,71297200,AAPL
341,341,2021-02-09,136.619995,137.880005,135.850006,136.009995,134.597458,76774200,AAPL
342,342,2021-02-10,136.479996,136.990005,134.399994,135.389999,133.983948,73046600,AAPL
343,343,2021-02-11,135.899994,136.389999,133.770004,135.130005,133.726608,64280000,AAPL
344,344,2021-02-12,134.350006,135.529999,133.690002,135.369995,133.964127,60145100,AAPL
345,345,2021-02-16,135.490005,136.009995,132.789993,133.190002,131.806778,80576300,AAPL
346,346,2021-02-17,131.25,132.220001,129.470001,130.839996,129.48114,97918500,AAPL
347,347,2021-02-18,129.199997,130.0,127.410004,129.710007,128.3629,96856700,AAPL
348,348,2021-02-19,130.240005,130.710007,128.800003,129.869995,128.521255,87668800,AAPL
349,349,2021-02-22,128.009995,129.720001,125.599998,126.0,124.691437,103916400,AAPL
350,350,2021-02-23,123.760002,126.709999,118.389999,125.860001,124.55291,158273000,AAPL
351,351,2021-02-24,124.940002,125.559998,122.230003,125.349998,124.048195,111039900,AAPL
352,352,2021-02-25,124.68,126.459999,120.540001,120.989998,119.733482,148199500,AAPL
353,353,2021-02-26,122.589996,124.849998,121.199997,121.260002,120.000671,164560400,AAPL
354,354,2021-03-01,123.75,127.93,122.790001,127.790001,126.462852,116307900,AAPL
355,355,2021-03-02,128.410004,128.720001,125.010002,125.120003,123.820587,102260900,AAPL
356,356,2021-03-03,124.809998,125.709999,121.839996,122.059998,120.792366,112966300,AAPL
357,357,2021-03-04,121.75,123.599998,118.620003,120.129997,118.882408,178155000,AAPL
358,358,2021-03-05,120.980003,121.940002,117.57,121.419998,120.159012,153766600,AAPL
359,359,2021-03-08,120.93,121.0,116.209999,116.360001,115.151558,154376600,AAPL
360,360,2021-03-09,119.029999,122.059998,118.790001,121.089996,119.832443,129525800,AAPL
361,361,2021-03-10,121.690002,122.169998,119.449997,119.980003,118.733971,111943300,AAPL
362,362,2021-03-11,122.540001,123.209999,121.260002,121.959999,120.693398,103026500,AAPL
363,363,2021-03-12,120.400002,121.169998,119.160004,121.029999,119.773064,88105100,AAPL
364,364,2021-03-15,121.410004,124.0,120.419998,123.989998,122.702309,92403800,AAPL
365,365,2021-03-16,125.699997,127.220001,124.720001,125.57,124.265915,115227900,AAPL
366,366,2021-03-17,124.050003,125.860001,122.339996,124.760002,123.464325,111932600,AAPL
367,367,2021-03-18,122.879997,123.18,120.32,120.529999,119.278252,121229700,AAPL
368,368,2021-03-19,119.900002,121.43,119.68,119.989998,118.743851,185549500,AAPL
369,369,2021-03-22,120.330002,123.870003,120.260002,123.389999,122.108551,111912300,AAPL
370,370,2021-03-23,123.330002,124.239998,122.139999,122.540001,121.26738,95467100,AAPL
371,371,2021-03-24,122.82,122.900002,120.07,120.089996,118.842819,88530500,AAPL
372,372,2021-03-25,119.540001,121.660004,119.0,120.589996,119.337624,98844700,AAPL
373,373,2021-03-26,120.349998,121.480003,118.919998,121.209999,119.951187,94071200,AAPL
374,374,2021-03-29,121.650002,122.580002,120.730003,121.389999,120.129311,80819200,AAPL
375,375,2021-03-30,120.110001,120.400002,118.860001,119.900002,118.654793,85671900,AAPL
376,376,2021-03-31,121.650002,123.519997,121.150002,122.150002,120.881424,118323800,AAPL
377,377,2021-04-01,123.660004,124.18,122.489998,123.0,121.722595,75089100,AAPL
378,378,2021-04-05,123.870003,126.160004,123.07,125.900002,124.592484,88651200,AAPL
379,379,2021-04-06,126.5,127.129997,125.650002,126.209999,124.899254,80171300,AAPL
380,380,2021-04-07,125.830002,127.919998,125.139999,127.900002,126.571716,83466700,AAPL
381,381,2021-04-08,128.949997,130.389999,128.520004,130.360001,129.006165,88844600,AAPL
382,382,2021-04-09,129.800003,133.039993,129.470001,133.0,131.618744,106686700,AAPL
383,383,2021-04-12,132.520004,132.850006,130.630005,131.240005,129.877014,91420000,AAPL
384,384,2021-04-13,132.440002,134.660004,131.929993,134.429993,133.03389,91266500,AAPL
385,385,2021-04-14,134.940002,135.0,131.660004,132.029999,130.658813,87222800,AAPL
386,386,2021-04-15,133.820007,135.0,133.639999,134.5,133.103149,89347100,AAPL
387,387,2021-04-16,134.300003,134.669998,133.279999,134.160004,132.766724,84922400,AAPL
388,388,2021-04-19,133.509995,135.470001,133.339996,134.839996,133.439651,94264200,AAPL
389,389,2021-04-20,135.020004,135.529999,131.809998,133.110001,131.727615,94812300,AAPL
390,390,2021-04-21,132.360001,133.75,131.300003,133.5,132.113541,68847100,AAPL
391,391,2021-04-22,133.039993,134.149994,131.410004,131.940002,130.569763,84566500,AAPL
392,392,2021-04-23,132.160004,135.119995,132.160004,134.320007,132.925034,78657500,AAPL
393,393,2021-04-26,134.830002,135.059998,133.559998,134.720001,133.320877,66905100,AAPL
394,394,2021-04-27,135.009995,135.410004,134.110001,134.389999,132.994308,66015800,AAPL
395,395,2021-04-28,134.309998,135.020004,133.080002,133.580002,132.192719,107760100,AAPL
396,396,2021-04-29,136.470001,137.070007,132.449997,133.479996,132.09375,151101000,AAPL
397,397,2021-04-30,131.779999,133.559998,131.070007,131.460007,130.094757,109839500,AAPL
398,398,2021-05-03,132.039993,134.070007,131.830002,132.539993,131.163513,75135100,AAPL
399,399,2021-05-04,131.190002,131.490005,126.699997,127.849998,126.522224,137564700,AAPL
400,400,2021-05-05,129.199997,130.449997,127.970001,128.100006,126.769638,84000900,AAPL
401,401,2021-05-06,127.889999,129.75,127.129997,129.740005,128.392624,78128300,AAPL
402,402,2021-05-07,130.850006,131.259995,129.479996,130.210007,129.076599,78973300,AAPL
403,403,2021-05-10,129.410004,129.539993,126.809998,126.849998,125.745834,88071200,AAPL
404,404,2021-05-11,123.5,126.269997,122.769997,125.910004,124.814026,126142800,AAPL
405,405,2021-05-12,123.400002,124.639999,122.25,122.769997,121.701355,112172300,AAPL
406,406,2021-05-13,124.580002,126.150002,124.260002,124.970001,123.882202,105861300,AAPL
407,407,2021-05-14,126.25,127.889999,125.849998,127.449997,126.340622,81918000,AAPL
408,408,2021-05-17,126.82,126.93,125.169998,126.269997,125.170883,74244600,AAPL
409,409,2021-05-18,126.559998,126.989998,124.779999,124.849998,123.763252,63342900,AAPL
410,410,2021-05-19,123.160004,124.919998,122.860001,124.690002,123.604652,92612000,AAPL
411,411,2021-05-20,125.230003,127.720001,125.099998,127.309998,126.201836,76857100,AAPL
412,412,2021-05-21,127.82,128.0,125.209999,125.43,124.338203,79295400,AAPL
413,413,2021-05-24,126.010002,127.940002,125.940002,127.099998,125.99366,63092900,AAPL
414,414,2021-05-25,127.82,128.320007,126.32,126.900002,125.79541,72009500,AAPL
415,415,2021-05-26,126.959999,127.389999,126.419998,126.849998,125.745834,56575900,AAPL
416,416,2021-05-27,126.440002,127.639999,125.080002,125.279999,124.189499,94625600,AAPL
417,417,2021-05-28,125.57,125.800003,124.550003,124.610001,123.525345,71311100,AAPL
418,418,2021-06-01,125.080002,125.349998,123.940002,124.279999,123.198212,67637100,AAPL
419,419,2021-06-02,124.279999,125.239998,124.050003,125.059998,123.971413,59278900,AAPL
420,420,2021-06-03,124.68,124.849998,123.129997,123.540001,122.464653,76229200,AAPL
421,421,2021-06-04,124.07,126.160004,123.849998,125.889999,124.794205,75169300,AAPL
422,422,2021-06-07,126.169998,126.32,124.830002,125.900002,124.804115,71057600,AAPL
423,423,2021-06-08,126.599998,128.460007,126.209999,126.739998,125.636795,74403800,AAPL
424,424,2021-06-09,127.209999,127.75,126.519997,127.129997,126.023407,56877900,AAPL
425,425,2021-06-10,127.019997,128.190002,125.940002,126.110001,125.012291,71186400,AAPL
426,426,2021-06-11,126.529999,127.440002,126.099998,127.349998,126.241486,53522400,AAPL
427,427,2021-06-14,127.82,130.539993,127.07,130.479996,129.344238,96906500,AAPL
428,428,2021-06-15,129.940002,130.600006,129.389999,129.639999,128.511566,62746300,AAPL
429,429,2021-06-16,130.369995,130.889999,128.460007,130.149994,129.01712,91815000,AAPL
430,430,2021-06-17,129.800003,132.550003,129.649994,131.789993,130.642838,96721700,AAPL
431,431,2021-06-18,130.710007,131.509995,130.240005,130.460007,129.324417,108953300,AAPL
432,432,2021-06-21,130.300003,132.410004,129.210007,132.300003,131.148392,79663300,AAPL
433,433,2021-06-22,132.130005,134.080002,131.619995,133.979996,132.813782,74783600,AAPL
434,434,2021-06-23,133.770004,134.320007,133.229996,133.699997,132.536224,60214200,AAPL
435,435,2021-06-24,134.449997,134.639999,132.929993,133.410004,132.248749,68711000,AAPL
436,436,2021-06-25,133.460007,133.889999,132.809998,133.110001,131.951355,70783700,AAPL
437,437,2021-06-28,133.410004,135.25,133.350006,134.779999,133.606812,62111300,AAPL
438,438,2021-06-29,134.800003,136.490005,134.350006,136.330002,135.143341,64556100,AAPL
439,439,2021-06-30,136.169998,137.410004,135.869995,136.960007,135.767838,63261400,AAPL
440,440,2021-07-01,136.600006,137.330002,135.759995,137.270004,136.07515,52485800,AAPL
441,441,2021-07-02,137.899994,140.0,137.75,139.960007,138.741745,78852600,AAPL
442,442,2021-07-06,140.070007,143.149994,140.070007,142.020004,140.783798,108181800,AAPL
443,443,2021-07-07,143.539993,144.889999,142.660004,144.570007,143.3116,104911600,AAPL
444,444,2021-07-08,141.580002,144.059998,140.669998,143.240005,141.993179,105575500,AAPL
445,445,2021-07-09,142.75,145.649994,142.649994,145.110001,143.846924,99890800,AAPL
446,446,2021-07-12,146.210007,146.320007,144.0,144.5,143.242218,76299700,AAPL
447,447,2021-07-13,144.029999,147.460007,143.630005,145.639999,144.372299,100827100,AAPL
448,448,2021-07-14,148.100006,149.570007,147.679993,149.149994,147.851715,127050800,AAPL
449,449,2021-07-15,149.240005,150.0,147.089996,148.479996,147.187561,106820300,AAPL
450,450,2021-07-16,148.460007,149.759995,145.880005,146.389999,145.115753,93251400,AAPL
451,451,2021-07-19,143.75,144.070007,141.669998,142.449997,141.210037,121434600,AAPL
452,452,2021-07-20,143.460007,147.100006,142.960007,146.149994,144.877838,96350000,AAPL
453,453,2021-07-21,145.529999,146.130005,144.630005,145.399994,144.134369,74993500,AAPL
454,454,2021-07-22,145.940002,148.199997,145.809998,146.800003,145.522186,77338200,AAPL
455,455,2021-07-23,147.550003,148.720001,146.919998,148.559998,147.266876,71447400,AAPL
456,456,2021-07-26,148.270004,149.830002,147.699997,148.990005,147.693146,72434100,AAPL
457,457,2021-07-27,149.119995,149.210007,145.550003,146.770004,145.492447,104818600,AAPL
458,458,2021-07-28,144.809998,146.970001,142.539993,144.979996,143.718033,118931200,AAPL
459,459,2021-07-29,144.690002,146.550003,144.580002,145.639999,144.372299,56699500,AAPL
460,460,2021-07-30,144.380005,146.330002,144.110001,145.860001,144.590363,70440600,AAPL
461,461,2021-08-02,146.360001,146.949997,145.25,145.520004,144.253326,62880000,AAPL
462,462,2021-08-03,145.809998,148.039993,145.179993,147.360001,146.077301,64786600,AAPL
463,463,2021-08-04,147.270004,147.789993,146.279999,146.949997,145.670883,56368300,AAPL
464,464,2021-08-05,146.979996,147.839996,146.169998,147.059998,145.779938,46397700,AAPL
465,465,2021-08-06,146.350006,147.110001,145.630005,146.139999,145.084976,54126800,AAPL
466,466,2021-08-09,146.199997,146.699997,145.520004,146.089996,145.035324,48908700,AAPL
467,467,2021-08-10,146.440002,147.710007,145.300003,145.600006,144.548889,69023100,AAPL
468,468,2021-08-11,146.050003,146.720001,145.529999,145.860001,144.806992,48493500,AAPL
469,469,2021-08-12,146.190002,149.050003,145.839996,148.889999,147.815125,72282600,AAPL
470,470,2021-08-13,148.970001,149.440002,148.270004,149.100006,148.023636,59375000,AAPL
471,471,2021-08-16,148.539993,151.190002,146.470001,151.119995,150.029037,103296000,AAPL
472,472,2021-08-17,150.229996,151.679993,149.089996,150.190002,149.105759,92229700,AAPL
473,473,2021-08-18,149.800003,150.720001,146.149994,146.360001,145.303391,86326000,AAPL
474,474,2021-08-19,145.029999,148.0,144.5,146.699997,145.640945,86960300,AAPL
475,475,2021-08-20,147.440002,148.5,146.779999,148.190002,147.120193,60549600,AAPL
476,476,2021-08-23,148.309998,150.190002,147.889999,149.710007,148.629227,60131800,AAPL
477,477,2021-08-24,149.449997,150.860001,149.149994,149.619995,148.539856,48606400,AAPL
478,478,2021-08-25,149.809998,150.320007,147.800003,148.360001,147.28894,58991300,AAPL
479,479,2021-08-26,148.350006,149.119995,147.509995,147.539993,146.474884,48597200,AAPL
480,480,2021-08-27,147.479996,148.75,146.830002,148.600006,147.527237,55802400,AAPL
481,481,2021-08-30,149.0,153.490005,148.610001,153.119995,152.014603,90956700,AAPL
482,482,2021-08-31,152.660004,152.800003,151.289993,151.830002,150.733917,86453100,AAPL
483,483,2021-09-01,152.830002,154.979996,152.339996,152.509995,151.408997,80313700,AAPL
484,484,2021-09-02,153.869995,154.720001,152.399994,153.649994,152.540756,71115500,AAPL
485,485,2021-09-03,153.759995,154.630005,153.089996,154.300003,153.186066,57808700,AAPL
486,486,2021-09-07,154.970001,157.259995,154.389999,156.690002,155.558823,82278300,AAPL
487,487,2021-09-08,156.979996,157.039993,153.979996,155.110001,153.990234,74420200,AAPL
488,488,2021-09-09,155.490005,156.110001,153.949997,154.070007,152.957748,57305700,AAPL
489,489,2021-09-10,155.0,155.479996,148.699997,148.970001,147.894562,140893200,AAPL
490,490,2021-09-13,150.630005,151.419998,148.75,149.550003,148.470367,102404300,AAPL
491,491,2021-09-14,150.350006,151.070007,146.910004,148.119995,147.050659,109296300,AAPL
492,492,2021-09-15,148.559998,149.440002,146.369995,149.029999,147.954117,83281300,AAPL
493,493,2021-09-16,148.440002,148.970001,147.220001,148.789993,147.715851,68034100,AAPL
494,494,2021-09-17,148.820007,148.820007,145.759995,146.059998,145.005569,129868800,AAPL
495,495,2021-09-20,143.800003,144.839996,141.270004,142.940002,141.908081,123478900,AAPL
496,496,2021-09-21,143.929993,144.600006,142.779999,143.429993,142.394547,75834000,AAPL
497,497,2021-09-22,144.449997,146.429993,143.699997,145.850006,144.797073,76404300,AAPL
498,498,2021-09-23,146.649994,147.080002,145.639999,146.830002,145.77002,64838200,AAPL
499,499,2021-09-24,145.660004,147.470001,145.559998,146.919998,145.859344,53477900,AAPL
500,500,2021-09-27,145.470001,145.960007,143.820007,145.369995,144.320526,74150700,AAPL
501,501,2021-09-28,143.25,144.75,141.690002,141.910004,140.885529,108972300,AAPL
502,502,2021-09-29,142.470001,144.449997,142.029999,142.830002,141.798874,74602000,AAPL
503,503,2021-09-30,143.660004,144.380005,141.279999,141.5,140.4785,89056700,AAPL
504,504,2021-10-01,141.899994,142.919998,139.110001,142.649994,141.620178,94639600,AAPL
505,505,2021-10-04,141.759995,142.210007,138.270004,139.139999,138.135513,98322000,AAPL
506,506,2021-10-05,139.490005,142.240005,139.360001,141.110001,140.091293,80861100,AAPL
507,507,2021-10-06,139.470001,142.149994,138.369995,142.0,140.974869,83221100,AAPL
508,508,2021-10-07,143.059998,144.220001,142.720001,143.289993,142.255569,61732700,AAPL
509,509,2021-10-08,144.029999,144.179993,142.559998,142.899994,141.868362,58773200,AAPL
510,510,2021-10-11,142.270004,144.809998,141.809998,142.809998,141.779022,64452200,AAPL
511,511,2021-10-12,143.229996,143.25,141.039993,141.509995,140.488419,73035900,AAPL
512,512,2021-10-13,141.240005,141.399994,139.199997,140.910004,139.892746,78762700,AAPL
513,513,2021-10-14,142.110001,143.880005,141.509995,143.759995,142.722168,69907100,AAPL
514,514,2021-10-15,143.770004,144.899994,143.509995,144.839996,143.794357,67940300,AAPL
515,515,2021-10-18,143.449997,146.839996,143.160004,146.550003,145.492035,85589200,AAPL
516,516,2021-10-19,147.009995,149.169998,146.550003,148.759995,147.68605,76378900,AAPL
517,517,2021-10-20,148.699997,149.75,148.119995,149.259995,148.182449,58418800,AAPL
518,518,2021-10-21,148.809998,149.639999,147.869995,149.479996,148.400864,61421000,AAPL
519,519,2021-10-22,149.690002,150.179993,148.639999,148.690002,147.616592,58883400,AAPL
520,520,2021-10-25,148.679993,149.369995,147.619995,148.639999,147.566925,50720600,AAPL
521,521,2021-10-26,149.330002,150.839996,149.009995,149.320007,148.242035,60893400,AAPL
522,522,2021-10-27,149.360001,149.729996,148.490005,148.850006,147.775436,56094900,AAPL
523,523,2021-10-28,149.820007,153.169998,149.720001,152.570007,151.468567,100077900,AAPL
524,524,2021-10-29,147.220001,149.940002,146.410004,149.800003,148.718567,124953200,AAPL
525,525,2021-11-01,148.990005,149.699997,147.800003,148.960007,147.884628,74588300,AAPL
526,526,2021-11-02,148.660004,151.570007,148.649994,150.020004,148.936966,69122000,AAPL
527,527,2021-11-03,150.389999,151.970001,149.820007,151.490005,150.396378,54511500,AAPL
528,528,2021-11-04,151.580002,152.429993,150.639999,150.960007,149.870193,60394600,AAPL
529,529,2021-11-05,151.889999,152.199997,150.059998,151.279999,150.407059,65463900,AAPL
530,530,2021-11-08,151.410004,151.570007,150.160004,150.440002,149.571915,55020900,AAPL
531,531,2021-11-09,150.199997,151.429993,150.059998,150.809998,149.939774,56787900,AAPL
532,532,2021-11-10,150.020004,150.130005,147.850006,147.919998,147.066467,65187100,AAPL
533,533,2021-11-11,148.960007,149.429993,147.679993,147.869995,147.016739,41000000,AAPL
534,534,2021-11-12,148.429993,150.399994,147.479996,149.990005,149.124527,63804000,AAPL
535,535,2021-11-15,150.369995,151.880005,149.429993,150.0,149.13446,59222800,AAPL
536,536,2021-11-16,149.940002,151.490005,149.339996,151.0,150.128693,59256200,AAPL
537,537,2021-11-17,151.0,155.0,150.990005,153.490005,152.604324,88807000,AAPL
538,538,2021-11-18,153.710007,158.669998,153.050003,157.869995,156.95903,137827700,AAPL
539,539,2021-11-19,157.649994,161.020004,156.529999,160.550003,159.623566,117305600,AAPL
540,540,2021-11-22,161.679993,165.699997,161.0,161.020004,160.090866,117467900,AAPL
541,541,2021-11-23,161.119995,161.800003,159.059998,161.410004,160.478638,96041900,AAPL
542,542,2021-11-24,160.75,162.139999,159.639999,161.940002,161.005569,69463600,AAPL
543,543,2021-11-26,159.570007,160.449997,156.360001,156.809998,155.905167,76959800,AAPL
544,544,2021-11-29,159.369995,161.190002,158.789993,160.240005,159.315369,88748200,AAPL
545,545,2021-11-30,159.990005,165.520004,159.919998,165.300003,164.346176,174048100,AAPL
546,546,2021-12-01,167.479996,170.300003,164.529999,164.770004,163.819229,152052500,AAPL
547,547,2021-12-02,158.740005,164.199997,157.800003,163.759995,162.815063,136739200,AAPL
548,548,2021-12-03,164.020004,164.960007,159.720001,161.839996,160.906128,118023100,AAPL
549,549,2021-12-06,164.289993,167.880005,164.279999,165.320007,164.366074,107497000,AAPL
550,550,2021-12-07,169.080002,171.580002,168.339996,171.179993,170.19223,120405400,AAPL
551,551,2021-12-08,172.130005,175.960007,170.699997,175.080002,174.069733,116998900,AAPL
552,552,2021-12-09,174.910004,176.75,173.919998,174.559998,173.552734,108923700,AAPL
553,553,2021-12-10,175.210007,179.630005,174.690002,179.449997,178.414536,115402700,AAPL
554,554,2021-12-13,181.119995,182.130005,175.529999,175.740005,174.725937,153237000,AAPL
555,555,2021-12-14,175.25,177.740005,172.210007,174.330002,173.324066,139380400,AAPL
556,556,2021-12-15,175.110001,179.5,172.309998,179.300003,178.265396,131063300,AAPL
557,557,2021-12-16,179.279999,181.139999,170.75,172.259995,171.265991,150185800,AAPL
558,558,2021-12-17,169.929993,173.470001,169.690002,171.139999,170.152466,195432700,AAPL
559,559,2021-12-20,168.279999,170.580002,167.460007,169.75,168.770493,107499100,AAPL
560,560,2021-12-21,171.559998,173.199997,169.119995,172.990005,171.991791,91185900,AAPL
561,561,2021-12-22,173.039993,175.860001,172.149994,175.639999,174.626495,92135300,AAPL
562,562,2021-12-23,175.850006,176.850006,175.270004,176.279999,175.262802,68356600,AAPL
563,563,2021-12-27,177.089996,180.419998,177.070007,180.330002,179.289459,74919600,AAPL
564,564,2021-12-28,180.160004,181.330002,178.529999,179.289993,178.255447,79144300,AAPL
565,565,2021-12-29,179.330002,180.630005,178.139999,179.380005,178.344925,62348900,AAPL
566,566,2021-12-30,179.470001,180.570007,178.089996,178.199997,177.171738,59773000,AAPL
567,567,2021-12-31,178.089996,179.229996,177.259995,177.570007,176.54538,64062300,AAPL
568,568,2022-01-03,177.830002,182.880005,177.710007,182.009995,180.959732,104487900,AAPL
569,569,2022-01-04,182.630005,182.940002,179.119995,179.699997,178.663086,99310400,AAPL
570,570,2022-01-05,179.610001,180.169998,174.639999,174.919998,173.91066,94537600,AAPL
571,571,2022-01-06,172.699997,175.300003,171.639999,172.0,171.007507,96904000,AAPL
572,572,2022-01-07,172.889999,174.139999,171.029999,172.169998,171.176544,86709100,AAPL
573,573,2022-01-10,169.080002,172.5,168.169998,172.190002,171.196411,106765600,AAPL
574,574,2022-01-11,172.320007,175.179993,170.820007,175.080002,174.069733,76138300,AAPL
575,575,2022-01-12,176.119995,177.179993,174.820007,175.529999,174.517136,74805200,AAPL
576,576,2022-01-13,175.779999,176.619995,171.789993,172.190002,171.196411,84505800,AAPL
577,577,2022-01-14,171.339996,173.779999,171.089996,173.070007,172.07135,80440800,AAPL
578,578,2022-01-18,171.509995,172.539993,169.410004,169.800003,168.820206,90956700,AAPL
579,579,2022-01-19,170.0,171.080002,165.940002,166.229996,165.270798,94815000,AAPL
580,580,2022-01-20,166.979996,169.679993,164.179993,164.509995,163.56073,91420500,AAPL
581,581,2022-01-21,164.419998,166.330002,162.300003,162.410004,161.472839,122848900,AAPL
582,582,2022-01-24,160.020004,162.300003,154.699997,161.619995,160.687393,162294600,AAPL
583,583,2022-01-25,158.979996,162.759995,157.020004,159.779999,158.858017,115798400,AAPL
584,584,2022-01-26,163.5,164.389999,157.820007,159.690002,158.768539,108275300,AAPL
585,585,2022-01-27,162.449997,163.839996,158.279999,159.220001,158.301254,121954600,AAPL
586,586,2022-01-28,165.710007,170.350006,162.800003,170.330002,169.347137,179935700,AAPL
587,587,2022-01-31,170.160004,175.0,169.509995,174.779999,173.771454,115541600,AAPL
588,588,2022-02-01,174.009995,174.839996,172.309998,174.610001,173.602463,86213900,AAPL
589,589,2022-02-02,174.75,175.880005,173.330002,175.839996,174.825348,84914300,AAPL
590,590,2022-02-03,174.479996,176.240005,172.119995,172.899994,171.902313,89418100,AAPL
591,591,2022-02-04,171.679993,174.100006,170.679993,172.389999,171.613632,82465400,AAPL
592,592,2022-02-07,172.860001,173.949997,170.949997,171.660004,170.886917,77251200,AAPL
593,593,2022-02-08,171.729996,175.350006,171.429993,174.830002,174.042633,74829200,AAPL
594,594,2022-02-09,176.050003,176.649994,174.899994,176.279999,175.486115,71285000,AAPL
595,595,2022-02-10,174.139999,175.479996,171.550003,172.119995,171.344833,90865900,AAPL
596,596,2022-02-11,172.330002,173.080002,168.039993,168.639999,167.880524,98670700,AAPL
597,597,2022-02-14,167.369995,169.580002,166.559998,168.880005,168.119431,86185500,AAPL
598,598,2022-02-15,170.970001,172.949997,170.25,172.789993,172.011826,62527400,AAPL
599,599,2022-02-16,171.850006,173.339996,170.050003,172.550003,171.772919,61177400,AAPL
600,600,2022-02-17,171.029999,171.910004,168.470001,168.880005,168.119431,69589300,AAPL
601,601,2022-02-18,169.820007,170.539993,166.190002,167.300003,166.546555,82772700,AAPL
602,602,2022-02-22,164.979996,166.690002,162.149994,164.320007,163.579971,91162800,AAPL
603,603,2022-02-23,165.539993,166.149994,159.75,160.070007,159.349121,90009200,AAPL
604,604,2022-02-24,152.580002,162.850006,152.0,162.740005,162.007095,141147500,AAPL
605,605,2022-02-25,163.839996,165.119995,160.869995,164.850006,164.10759,91974200,AAPL
606,606,2022-02-28,163.059998,165.419998,162.429993,165.119995,164.376373,95056600,AAPL
607,607,2022-03-01,164.699997,166.600006,161.970001,163.199997,162.465027,83474400,AAPL
608,608,2022-03-02,164.389999,167.360001,162.949997,166.559998,165.809891,79724800,AAPL
609,609,2022-03-03,168.470001,168.910004,165.550003,166.229996,165.481369,76678400,AAPL
610,610,2022-03-04,164.490005,165.550003,162.100006,163.169998,162.43515,83737200,AAPL
611,611,2022-03-07,163.360001,165.020004,159.039993,159.300003,158.582596,96418800,AAPL
612,612,2022-03-08,158.820007,162.880005,155.800003,157.440002,156.730957,131148300,AAPL
613,613,2022-03-09,161.479996,163.410004,159.410004,162.949997,162.216156,91454900,AAPL
614,614,2022-03-10,160.199997,160.389999,155.979996,158.520004,157.806107,105342000,AAPL
615,615,2022-03-11,158.929993,159.279999,154.5,154.729996,154.033157,96970100,AAPL
616,616,2022-03-14,151.449997,154.119995,150.100006,150.619995,149.941666,108732100,AAPL
617,617,2022-03-15,150.899994,155.570007,150.380005,155.089996,154.391525,92964300,AAPL
618,618,2022-03-16,157.050003,160.0,154.460007,159.589996,158.871277,102300200,AAPL
619,619,2022-03-17,158.610001,161.0,157.630005,160.619995,159.896637,75615400,AAPL
620,620,2022-03-18,160.509995,164.479996,159.759995,163.979996,163.241501,123511700,AAPL
621,621,2022-03-21,163.509995,166.350006,163.009995,165.380005,164.635208,95811400,AAPL
622,622,2022-03-22,165.509995,169.419998,164.910004,168.820007,168.059708,81532000,AAPL
623,623,2022-03-23,167.990005,172.639999,167.649994,170.210007,169.443466,98062700,AAPL
624,624,2022-03-24,171.059998,174.139999,170.210007,174.070007,173.286057,90131400,AAPL
625,625,2022-03-25,173.880005,175.279999,172.75,174.720001,173.933136,80546200,AAPL
626,626,2022-03-28,172.169998,175.729996,172.0,175.600006,174.809174,90371900,AAPL
627,627,2022-03-29,176.690002,179.009995,176.339996,178.960007,178.154037,100589400,AAPL
628,628,2022-03-30,178.550003,179.610001,176.699997,177.770004,176.969406,92633200,AAPL
629,629,2022-03-31,177.839996,178.029999,174.399994,174.610001,173.823639,103049300,AAPL
630,630,2022-04-01,174.029999,174.880005,171.940002,174.309998,173.524963,78751300,AAPL
631,631,2022-04-04,174.570007,178.490005,174.440002,178.440002,177.636368,76468400,AAPL
632,632,2022-04-05,177.5,178.300003,174.419998,175.059998,174.271591,73401800,AAPL
633,633,2022-04-06,172.360001,173.630005,170.130005,171.830002,171.056152,89058800,AAPL
634,634,2022-04-07,171.160004,173.360001,169.850006,172.139999,171.364746,77594700,AAPL
635,635,2022-04-08,171.779999,171.779999,169.199997,170.089996,169.323975,76575500,AAPL
636,636,2022-04-11,168.710007,169.029999,165.5,165.75,165.003525,72246700,AAPL
637,637,2022-04-12,168.020004,169.869995,166.639999,167.660004,166.904938,79265200,AAPL
638,638,2022-04-13,167.389999,171.039993,166.770004,170.399994,169.632568,70618900,AAPL
639,639,2022-04-14,170.619995,171.270004,165.039993,165.289993,164.545593,75329400,AAPL
640,640,2022-04-18,163.919998,166.600006,163.570007,165.070007,164.326599,69023900,AAPL
641,641,2022-04-19,165.020004,167.820007,163.910004,167.399994,166.646103,67723800,AAPL
642,642,2022-04-20,168.759995,168.880005,166.100006,167.229996,166.476852,67929800,AAPL
643,643,2022-04-21,168.910004,171.529999,165.910004,166.419998,165.670517,87227800,AAPL
644,644,2022-04-22,166.460007,167.869995,161.5,161.789993,161.061356,84882400,AAPL
645,645,2022-04-25,161.119995,163.169998,158.460007,162.880005,162.146454,96046400,AAPL
646,646,2022-04-26,162.25,162.339996,156.720001,156.800003,156.093842,95623200,AAPL
647,647,2022-04-27,155.910004,159.789993,155.380005,156.570007,155.864883,88063200,AAPL
648,648,2022-04-28,159.25,164.520004,158.929993,163.639999,162.90303,130216800,AAPL
649,649,2022-04-29,161.839996,166.199997,157.25,157.649994,156.940002,131747600,AAPL
650,650,2022-05-02,156.710007,158.229996,153.270004,157.960007,157.248627,123055300,AAPL
651,651,2022-05-03,158.149994,160.710007,156.320007,159.479996,158.761765,88966500,AAPL
652,652,2022-05-04,159.669998,166.479996,159.259995,166.020004,165.272308,108256500,AAPL
653,653,2022-05-05,163.850006,164.080002,154.949997,156.770004,156.06398,130525300,AAPL
654,654,2022-05-06,156.009995,159.440002,154.179993,157.279999,156.801712,116124600,AAPL
655,655,2022-05-09,154.929993,155.830002,151.490005,152.059998,151.597595,131577900,AAPL
656,656,2022-05-10,155.520004,156.740005,152.929993,154.509995,154.040131,115366700,AAPL
657,657,2022-05-11,153.5,155.449997,145.809998,146.5,146.054504,142689800,AAPL
658,658,2022-05-12,142.770004,146.199997,138.800003,142.559998,142.12648,182602000,AAPL
659,659,2022-05-13,144.589996,148.100006,143.110001,147.110001,146.662659,113990900,AAPL
660,660,2022-05-16,145.550003,147.520004,144.179993,145.539993,145.097427,86643800,AAPL
661,661,2022-05-17,148.860001,149.770004,146.679993,149.240005,148.786179,78336300,AAPL
662,662,2022-05-18,146.850006,147.360001,139.899994,140.820007,140.391785,109742900,AAPL
663,663,2022-05-19,139.880005,141.660004,136.600006,137.350006,136.932327,136095600,AAPL
664,664,2022-05-20,139.089996,140.699997,132.610001,137.589996,137.171585,137426100,AAPL
665,665,2022-05-23,137.789993,143.259995,137.649994,143.110001,142.674805,117726300,AAPL
666,666,2022-05-24,140.809998,141.970001,137.330002,140.360001,139.933167,104132700,AAPL
667,667,2022-05-25,138.429993,141.789993,138.339996,140.520004,140.092697,92482700,AAPL
668,668,2022-05-26,137.389999,144.339996,137.139999,143.779999,143.342758,90601500,AAPL
669,669,2022-05-27,145.389999,149.679993,145.259995,149.639999,149.184952,90978500,AAPL
670,670,2022-05-31,149.070007,150.660004,146.839996,148.839996,148.38739,103718400,AAPL
671,671,2022-06-01,149.899994,151.740005,147.679993,148.710007,148.257782,74286600,AAPL
672,672,2022-06-02,147.830002,151.270004,146.860001,151.210007,150.750183,72348100,AAPL
673,673,2022-06-03,146.899994,147.970001,144.460007,145.380005,144.937912,88570300,AAPL
674,674,2022-06-06,147.029999,148.570007,144.899994,146.139999,145.695602,71598400,AAPL
675,675,2022-06-07,144.350006,149.0,144.100006,148.710007,148.257782,67808200,AAPL
676,676,2022-06-08,148.580002,149.869995,147.460007,147.960007,147.510071,53950200,AAPL
677,677,2022-06-09,147.080002,147.949997,142.529999,142.639999,142.206238,69473000,AAPL
678,678,2022-06-10,140.279999,140.759995,137.059998,137.130005,136.712997,91437900,AAPL
679,679,2022-06-13,132.869995,135.199997,131.440002,131.880005,131.478958,122207100,AAPL
680,680,2022-06-14,133.130005,133.889999,131.479996,132.759995,132.356277,84784300,AAPL
681,681,2022-06-15,134.289993,137.339996,132.160004,135.429993,135.018158,91533000,AAPL
682,682,2022-06-16,132.080002,132.389999,129.039993,130.059998,129.66449,108123900,AAPL
683,683,2022-06-17,130.070007,133.080002,129.809998,131.559998,131.159927,134520300,AAPL
684,684,2022-06-21,133.419998,137.059998,133.320007,135.869995,135.456833,81000500,AAPL
685,685,2022-06-22,134.789993,137.759995,133.910004,135.350006,134.938416,73409200,AAPL
686,686,2022-06-23,136.820007,138.589996,135.630005,138.270004,137.849533,72433800,AAPL
687,687,2022-06-24,139.899994,141.910004,139.770004,141.660004,141.229218,89116800,AAPL
688,688,2022-06-27,142.699997,143.490005,140.970001,141.660004,141.229218,70207900,AAPL
689,689,2022-06-28,142.130005,143.419998,137.320007,137.440002,137.022064,67083400,AAPL
690,690,2022-06-29,137.460007,140.669998,136.669998,139.229996,138.80661,66242400,AAPL
691,691,2022-06-30,137.25,138.369995,133.770004,136.720001,136.304245,98964500,AAPL
692,692,2022-07-01,136.039993,139.039993,135.660004,138.929993,138.507507,71051600,AAPL
693,693,2022-07-05,137.770004,141.610001,136.929993,141.559998,141.129517,73353800,AAPL
694,694,2022-07-06,141.350006,144.119995,141.080002,142.919998,142.485397,74064300,AAPL
695,695,2022-07-07,143.289993,146.550003,143.279999,146.350006,145.904968,66253700,AAPL
696,696,2022-07-08,145.259995,147.550003,145.0,147.039993,146.59285,64547800,AAPL
697,697,2022-07-11,145.669998,146.639999,143.779999,144.869995,144.429443,63141600,AAPL
698,698,2022-07-12,145.759995,148.449997,145.050003,145.860001,145.416443,77588800,AAPL
699,699,2022-07-13,142.990005,146.449997,142.119995,145.490005,145.047577,71185600,AAPL
700,700,2022-07-14,144.080002,148.949997,143.25,148.470001,148.018509,78140700,AAPL
701,701,2022-07-15,149.779999,150.860001,148.199997,150.169998,149.713348,76259900,AAPL
702,702,2022-07-18,150.740005,151.570007,146.699997,147.070007,146.622772,81420900,AAPL
703,703,2022-07-19,147.919998,151.229996,146.910004,151.0,150.540817,82982400,AAPL
704,704,2022-07-20,151.119995,153.720001,150.369995,153.039993,152.574615,64823400,AAPL
705,705,2022-07-21,154.5,155.570007,151.940002,155.350006,154.877594,65086600,AAPL
706,706,2022-07-22,155.389999,156.279999,153.410004,154.089996,153.621414,66675400,AAPL
707,707,2022-07-25,154.009995,155.039993,152.279999,152.949997,152.484894,53623900,AAPL
708,708,2022-07-26,152.259995,153.089996,150.800003,151.600006,151.139008,55138700,AAPL
709,709,2022-07-27,152.580002,157.330002,152.160004,156.789993,156.313202,78620700,AAPL
710,710,2022-07-28,156.979996,157.639999,154.410004,157.350006,156.871521,81378700,AAPL
711,711,2022-07-29,161.240005,163.630005,159.5,162.509995,162.015808,101786900,AAPL
712,712,2022-08-01,161.009995,163.589996,160.889999,161.509995,161.01886,67829400,AAPL
713,713,2022-08-02,160.100006,162.410004,159.630005,160.009995,159.523407,59907000,AAPL
714,714,2022-08-03,160.839996,166.589996,160.75,166.130005,165.624817,82507500,AAPL
715,715,2022-08-04,166.009995,167.190002,164.429993,165.809998,165.305786,55474100,AAPL
716,716,2022-08-05,163.210007,165.850006,163.0,165.350006,165.076172,56697000,AAPL
717,717,2022-08-08,166.369995,167.809998,164.199997,164.869995,164.596954,60276900,AAPL
718,718,2022-08-09,164.020004,165.820007,163.25,164.919998,164.646866,63135500,AAPL
719,719,2022-08-10,167.679993,169.339996,166.899994,169.240005,168.959732,70170500,AAPL
720,720,2022-08-11,170.059998,170.990005,168.190002,168.490005,168.210968,57149200,AAPL
721,721,2022-08-12,169.820007,172.169998,169.399994,172.100006,171.814987,68039400,AAPL
722,722,2022-08-15,171.520004,173.389999,171.350006,173.190002,172.903183,54091700,AAPL
723,723,2022-08-16,172.779999,173.710007,171.660004,173.029999,172.743439,56377100,AAPL
724,724,2022-08-17,172.770004,176.149994,172.570007,174.550003,174.260925,79542000,AAPL
725,725,2022-08-18,173.75,174.899994,173.119995,174.149994,173.861588,62290100,AAPL
726,726,2022-08-19,173.029999,173.740005,171.309998,171.520004,171.235947,70346300,AAPL
727,727,2022-08-22,169.690002,169.860001,167.139999,167.570007,167.292496,69026800,AAPL
728,728,2022-08-23,167.080002,168.710007,166.649994,167.229996,166.953049,54147100,AAPL
729,729,2022-08-24,167.320007,168.110001,166.25,167.529999,167.252548,53841500,AAPL
730,730,2022-08-25,168.779999,170.139999,168.350006,170.029999,169.748413,51218200,AAPL
731,731,2022-08-26,170.570007,171.050003,163.559998,163.619995,163.349014,78961000,AAPL
732,732,2022-08-29,161.149994,162.899994,159.820007,161.380005,161.112747,73314000,AAPL
733,733,2022-08-30,162.130005,162.559998,157.720001,158.910004,158.646835,77906200,AAPL
734,734,2022-08-31,160.309998,160.580002,157.139999,157.220001,156.959625,87991100,AAPL
735,735,2022-09-01,156.639999,158.419998,154.669998,157.960007,157.69841,74229900,AAPL
736,736,2022-09-02,159.75,160.360001,154.970001,155.809998,155.551956,76957800,AAPL
737,737,2022-09-06,156.470001,157.089996,153.690002,154.529999,154.274078,73714800,AAPL
738,738,2022-09-07,154.820007,156.669998,153.610001,155.960007,155.701721,87449600,AAPL
739,739,2022-09-08,154.639999,156.360001,152.679993,154.460007,154.204208,84923800,AAPL
740,740,2022-09-09,155.470001,157.820007,154.75,157.369995,157.109375,68028800,AAPL
741,741,2022-09-12,159.589996,164.259995,159.300003,163.429993,163.159332,104956000,AAPL
742,742,2022-09-13,159.899994,160.539993,153.369995,153.839996,153.58522,122656600,AAPL
743,743,2022-09-14,154.789993,157.100006,153.610001,155.309998,155.05278,87965400,AAPL
744,744,2022-09-15,154.649994,155.240005,151.380005,152.369995,152.117645,90481100,AAPL
745,745,2022-09-16,151.210007,151.350006,148.369995,150.699997,150.450424,162278800,AAPL
746,746,2022-09-19,149.309998,154.559998,149.100006,154.479996,154.224152,81474200,AAPL
747,747,2022-09-20,153.399994,158.080002,153.080002,156.899994,156.640152,107689800,AAPL
748,748,2022-09-21,157.339996,158.740005,153.600006,153.720001,153.465424,101696800,AAPL
749,749,2022-09-22,152.380005,154.470001,150.910004,152.740005,152.487045,86652500,AAPL
750,750,2022-09-23,151.190002,151.470001,148.559998,150.429993,150.180862,96029900,AAPL
751,751,2022-09-26,149.660004,153.770004,149.639999,150.770004,150.520309,93339400,AAPL
752,752,2022-09-27,152.740005,154.720001,149.949997,151.759995,151.508667,84442700,AAPL
753,753,2022-09-28,147.639999,150.639999,144.839996,149.839996,149.591843,146691400,AAPL
754,754,2022-09-29,146.100006,146.720001,140.679993,142.479996,142.244034,128138200,AAPL
755,755,2022-09-30,141.279999,143.100006,138.0,138.199997,137.971115,124925300,AAPL
756,756,2022-10-03,138.210007,143.070007,137.690002,142.449997,142.214081,114311700,AAPL
757,757,2022-10-04,145.029999,146.220001,144.259995,146.100006,145.858047,87830100,AAPL
758,758,2022-10-05,144.070007,147.380005,143.009995,146.399994,146.157532,79471000,AAPL
759,759,2022-10-06,145.809998,147.539993,145.220001,145.429993,145.189148,68402200,AAPL
760,760,2022-10-07,142.539993,143.100006,139.449997,140.089996,139.857986,85925600,AAPL
761,761,2022-10-10,140.419998,141.889999,138.570007,140.419998,140.187439,74899000,AAPL
762,762,2022-10-11,139.899994,141.350006,138.220001,138.979996,138.749832,77033700,AAPL
763,763,2022-10-12,139.130005,140.360001,138.160004,138.339996,138.110886,70433700,AAPL
764,764,2022-10-13,134.990005,143.589996,134.369995,142.990005,142.753204,113224000,AAPL
765,765,2022-10-14,144.309998,144.520004,138.190002,138.380005,138.150833,88598000,AAPL
766,766,2022-10-17,141.070007,142.899994,140.270004,142.410004,142.174164,85250900,AAPL
767,767,2022-10-18,145.490005,146.699997,140.610001,143.75,143.511932,99136600,AAPL
768,768,2022-10-19,141.690002,144.949997,141.5,143.860001,143.62175,61758300,AAPL
769,769,2022-10-20,143.020004,145.889999,142.649994,143.389999,143.152527,64522000,AAPL
770,770,2022-10-21,142.869995,147.850006,142.649994,147.270004,147.026108,86548600,AAPL
771,771,2022-10-24,147.190002,150.229996,146.0,149.449997,149.202484,75981900,AAPL
772,772,2022-10-25,150.089996,152.490005,149.360001,152.339996,152.087708,74732300,AAPL
773,773,2022-10-26,150.960007,151.990005,148.039993,149.350006,149.102661,88194300,AAPL
774,774,2022-10-27,148.070007,149.050003,144.130005,144.800003,144.560196,109180200,AAPL
775,775,2022-10-28,148.199997,157.5,147.820007,155.740005,155.482086,164762400,AAPL
776,776,2022-10-31,153.160004,154.240005,151.919998,153.339996,153.086044,97943200,AAPL
